Designator,Mid X,Mid Y,Rotation,Layer
C1,140.0375,-96.249125,270.0,top
C2,137.325,-94.521625,90.0,top
C3,133.75,-93.659125,180.0,top
C4,145.0875,-99.124125,270.0,top
C5,146.8875,-99.124125,270.0,top
J1,127.2375,-94.094125,0.0,top
J2,157.8625,-94.254125,0.0,top
J3,145.95,-106.574125,270.0,top
R1,133.75,-95.384125,0.0,top
R2,140.0375,-92.746625,270.0,top
U1,145.95,-94.309125,270.0,top
